player,total_plays,avg_xoe,total_explosives,avg_pred
J.Gresham,22,0.9326795149933208,9,0.47641139409758826
K.Cousins,55,0.9264370132576335,9,0.23719935037873008
R.Tannehill,59,0.9060493308608815,12,0.29734049964759307
T.Lawrence,26,0.9001894856874759,7,0.3690412835432933
J.Herbert,33,0.8994234249447332,7,0.312697787176479
K.Wright,25,0.8990216875076293,10,0.5009783124923706
B.Bortles,28,0.897549279566322,7,0.3524507204336779
D.Brees,24,0.8946785094837347,0,0.10532149051626523
M.Stafford,32,0.8928768732585013,5,0.2633731267414987
J.Hurts,67,0.8925789688060533,16,0.34622700134320045
T.Brady,37,0.8908710238095876,2,0.16318303024446643
M.Boone,22,0.8880989727648821,6,0.38462829996239056
T.Bridgewater,30,0.8801255534092586,7,0.3532077799240748
D.Carr,52,0.8720508521566024,5,0.22410299399724373
D.Prescott,57,0.8709550484230644,11,0.3220274077172865
C.Keenum,25,0.8694522440433502,0,0.13054775595664977
B.Roethlisberger,22,0.8677319667556069,1,0.17772257869893854
S.Darnold,26,0.8622462990192267,4,0.2915998548269272
M.Ryan,49,0.8605679072895829,8,0.3026973988328661
C.Wilson,28,0.8602729067206383,11,0.5325842361365046
D.Peoples-Jones,43,0.8602654909671739,16,0.5118275322886401
A.Rodgers,49,0.8587809019550985,9,0.3248925674326566
R.Wilson,105,0.8558360630557651,24,0.3727353655156635
Br.Hall,22,0.8552210209044543,6,0.4175062518228184
F.Moreau,35,0.8552062255995614,14,0.5447937744004386
P.Mahomes,60,0.8530904894073804,12,0.3469095105926196
M.Mariota,62,0.8526634232651803,12,0.3408849638315939
M.Williams,121,0.8489488954386435,44,0.5146874681977202
J.Maclin,27,0.8484589849357251,10,0.5219113854346452
R.Tonyan,38,0.848156364732667,14,0.5202646878989119
S.Anderson,24,0.848053709914287,9,0.526946290085713
G.Smith,26,0.8479899764060974,4,0.30585617744005644
M.Alie-Cox,27,0.8469735593707474,10,0.5233968109996231
R.Higgins,44,0.8467784415591847,16,0.516857922077179
J.Allen,181,0.8459975453536155,40,0.37499692978450605
C.Wentz,66,0.8431803295106599,9,0.2931833068529765
A.Dalton,41,0.8356194299895588,1,0.18877081391288014
K.Murray,78,0.8346105521688094,17,0.3833381657799085
B.Bolden,33,0.8317188981807593,8,0.4107053442434831
L.Jackson,142,0.830932568811195,32,0.39441954386486133
C.Artis-Payne,22,0.8295649208805778,3,0.3067987154830586
J.Winston,50,0.8252000623941421,9,0.3547999376058579
C.Ridley,64,0.82510109920986,26,0.58114890079014
J.Garoppolo,27,0.8250546598875964,0,0.1749453401124036
C.Newton,86,0.8245835288666016,16,0.36146298276130545
R.Penny,72,0.8207561232977443,14,0.37368832114670014
D.Walker,53,0.8195632603370918,18,0.5200593811723421
K.Bourne,65,0.8190391299816279,23,0.534807023864526
R.Fitzpatrick,29,0.8177187576376158,3,0.2857295182244531
D.Jones,57,0.8165604370205026,13,0.4115097384180939
Ju.Jones,26,0.8143530339002609,11,0.6087238891766622
Ja.Brown,20,0.8119625799357891,7,0.5380374200642108
T.Higgins,69,0.8102848598922509,23,0.5230484734410825
E.Lacy,39,0.8077135460499005,5,0.32049158215522766
M.Trubisky,43,0.8066150961920272,6,0.332919787528903
J.Jones,134,0.8047032382394841,51,0.575893776685889
G.Kittle,108,0.8005794254993951,37,0.5420131670931975
D.Bryant,61,0.7985447014941544,17,0.48014382309600956
C.Anderson,110,0.7964795608412135,18,0.36715680279515006
J.Cook,103,0.7963400038990002,27,0.46579591843109686
B.Aiyuk,67,0.7946078643869998,23,0.5486757177025524
T.Johnson,103,0.7912881708550221,24,0.4417215378828419
Da.Johnson,39,0.7892830524689112,7,0.3902041270182683
T.Montgomery,88,0.7882749465378848,15,0.38217959891666065
J.Chase,52,0.7877970910989321,15,0.5006644473626063
M.Hardman,44,0.7870832414112308,13,0.5083713040433147
E.Mitchell,60,0.7862338061134021,10,0.38043286055326464
J.Goff,47,0.7853362338340029,3,0.2784935534000397
D.Pettis,27,0.7850166139779268,7,0.47424264528133253
R.Lewis,23,0.7847290414830913,6,0.47614052373430005
D.Henderson,105,0.7841646503834497,16,0.36821630199750266
D.Foreman,85,0.7830932396299699,10,0.33455381919355953
K.Benjamin,54,0.7830037046913747,15,0.49477407308640303
D.Parker,125,0.781085353255272,35,0.4989146467447281
R.Mostert,104,0.7804989744550906,21,0.42142410246798623
J.Brissett,47,0.7803576658380792,2,0.26219552565128246
J.Conner,223,0.7797617627633526,38,0.3906418246805935
P.Laird,28,0.7796523826462882,5,0.3989190459251404
W.Snead,57,0.7793373645920503,18,0.5364521090921602
M.Ingram II,21,0.7789888679981232,4,0.4114873224780673
Da.Williams,50,0.7788469499349594,9,0.4011530500650406
T.Kelce,196,0.7782643689792983,59,0.522756039183967
M.Gillislee,40,0.7776263035833836,5,0.3473736964166164
N.Collins,29,0.7770075119774917,10,0.5678200742294048
L.Blount,122,0.7761797228308974,13,0.33037765421828286
K.Walker,64,0.7760170744732022,10,0.38023292552679777
K.Bibbs,21,0.7756771402699607,4,0.4147990502062298
I.Pacheco,34,0.7756164897890652,5,0.3714423337403466
W.Snead IV,28,0.775341118552855,8,0.5103731671614307
A.Blue,47,0.7749485715906671,6,0.352711002877418
A.Green,112,0.7729051039953317,30,0.49495203886181116
C.Davis,97,0.7723831648832744,31,0.547204463982705
T.Huntley,23,0.7723691748536151,3,0.3580656077550805
M.Wallace,42,0.7722404244400206,13,0.5372833850837889
T.Tagovailoa,25,0.7720519661903381,1,0.26794803380966187
A.Collins,107,0.771681880700254,15,0.3685050351875965
S.Shepard,123,0.771062276712278,34,0.5053604875153642
C.Latimer,21,0.7710175968351818,6,0.5146966888791039
D.Chark Jr.,32,0.7709945263341069,9,0.5102554736658931
C.Conley,66,0.7704703895883127,18,0.5022568831389601
T.Williams,53,0.7698690528577229,14,0.4942818905385035
M.Johnson,30,0.7696881954868634,8,0.4969784711798032
A.Luck,25,0.7673927107453347,1,0.2726072892546654
T.Conklin,41,0.7667342260843371,14,0.5747291885498094
M.Callaway,23,0.7644759261089823,6,0.49639363910840906
A.Morris,80,0.7642979135736823,13,0.3982020864263177
M.Valdes-Scantling,73,0.7641078074500985,22,0.5372620555636001
M.Asiata,28,0.7640566660889557,2,0.30737190533961567
C.Carson,173,0.7637335557296786,23,0.3692144211489341
D.Inman,46,0.7635738091624301,14,0.5407740169245264
M.Lynch,69,0.7634917562422545,6,0.3234647654968759
J.Mixon,304,0.7631438954390193,42,0.37501399929782275
J.Jefferson,94,0.7615158624471502,27,0.5257181801060413
K.Allen,174,0.7614071628656881,47,0.5087077796630476
C.Fleener,28,0.7611336676137788,7,0.4888663323862212
M.Sanders,202,0.7600837990198985,30,0.38843105246525
N.Chubb,294,0.7584745227580979,42,0.384382620099045
D.Watson,89,0.7583527066064685,15,0.4101866192362282
K.Herbert,46,0.7579914150030717,8,0.4159216284751892
K.Golladay,83,0.7563307269150952,26,0.5569222851330975
J.Warren,21,0.7554271334693545,3,0.3874300093877883
D.Moore,131,0.7554263489619466,37,0.5270163991296565
G.Davis,52,0.7551849384147388,14,0.5140458308160305
D.Henry,377,0.7550691409673868,52,0.3828618935153718
M.Andrews,95,0.7545368517699994,29,0.5507263061247374
M.Mack,133,0.7540860167123321,20,0.39628992313729194
O.Beckham,117,0.7540802988741133,33,0.5279709831771687
D.Murray,117,0.7534762778852739,13,0.3576348332258371
S.Roberts,43,0.753203134204066,12,0.5258666332377944
A.Ekeler,253,0.7529496349129281,42,0.4130582702254118
C.Akers,58,0.7526617774675632,7,0.36802787770485057
M.Bennett,26,0.7524146323020642,7,0.5168161369287051
J.Stewart,90,0.7519354257318709,8,0.336953463157018
J.Reagor,30,0.7518752743800481,8,0.5147913922866185
C.Kupp,158,0.751736773437337,44,0.5267442392208909
A.Jeffery,79,0.7497518500195274,19,0.4907544790943967
J.Jeudy,61,0.7495061058978565,16,0.5127889760693566
V.Davis,30,0.7491107846299807,7,0.48422254870335263
T.Ginn,72,0.748671023796002,21,0.5429956428706646
J.Ajayi,124,0.74757749322922,16,0.3814547648352961
W.Gallman,87,0.7461721804635278,10,0.36877034827210436
M.Walton,20,0.7461154215037823,4,0.4538845784962177
M.Ingram,228,0.7454225701328955,27,0.37299848249868345
B.Powell,150,0.7452716767787934,22,0.4013949898878733
T.Hill,256,0.7447152240783907,54,0.46622227592160925
R.Jones,129,0.7445361234189928,19,0.40275069828643356
D.Slayton,69,0.7443220572195192,19,0.5310402616210605
A.Lazard,43,0.7441282154515733,11,0.5116857380367988
D.Cook,312,0.7441170305873339,45,0.40011373864343536
O.Howard,50,0.7440570369362831,15,0.5559429630637169
C.Lamb,89,0.7428183270974106,23,0.5156086391947242
B.Cooks,164,0.7424024596083455,43,0.519792662342874
K.Dixon,40,0.7420479625463485,5,0.3829520374536514
E.Benjamin,37,0.7415033800376428,5,0.3936317550974923
I.Crowell,148,0.7411508214836185,15,0.3602005298677328
R.Mathews,30,0.7404629995425542,2,0.3262036671241125
K.Drake,236,0.7403958619777429,28,0.37824820581886726
Jo.Howard,58,0.7399437293924135,4,0.32902178784896585
T.Allgeier,51,0.7394951821542254,4,0.3389361903947942
K.Williams,48,0.7392917377874255,7,0.4065415955459078
J.Washington,46,0.739127489535705,9,0.45652468437733856
C.Claypool,51,0.7390118121516471,12,0.49628230549541175
J.Reynolds,69,0.7374816789575245,20,0.5523733935062436
K.Hinton,20,0.7370865896344185,5,0.5129134103655815
J.Howard,174,0.7368089770791174,21,0.38388067809329635
W.Dissly,26,0.7366905831373655,6,0.49407864763186526
A.Peterson,201,0.7356387720030931,20,0.3638637155590959
J.Burrow,36,0.7349487294753393,2,0.3206068260802163
D.Smith,57,0.7348687667072865,15,0.5282891280295556
T.Smith,67,0.7342512442994473,18,0.5344054721184631
D.Samuel,104,0.7340634714525479,27,0.5255519131628367
F.Whittaker,23,0.733895568743996,5,0.4834957356038301
T.Homer,29,0.7337879577073557,6,0.4731085940167822
J.Jacobs,252,0.7330384333100584,30,0.38600918573756066
C.Patterson,133,0.7330238362003986,19,0.4098333066567442
B.Mayfield,40,0.7322392925620079,3,0.3427607074379921
H.Henry,93,0.731890269985763,26,0.5476796224873554
R.Freeman,95,0.7318350995841779,10,0.3734280583105589
C.Ivory,76,0.7313075653816524,8,0.3739555925130844
D.Carter,36,0.7306940340333514,9,0.5193059659666486
T.Boyd,121,0.7305999409315015,31,0.5255984061759366
R.Matthews,36,0.7303176000714302,10,0.5474601777063476
A.Smith,27,0.7296878121517323,2,0.3443862619223418
J.Dobbins,55,0.7295853143388574,7,0.3976874129338698
D.Goedert,54,0.7293007740819896,15,0.5484770036957882
A.Firkser,35,0.7290540022509439,7,0.47094599774905616
K.Vaughn,21,0.7289451715492067,1,0.31867387606984093
A.St. Brown,59,0.7287306368856107,14,0.5085574987076097
J.Gordon,26,0.728673211657084,7,0.5405575575736853
D.Johnson Jr.,34,0.7284049847546745,5,0.41865383877473716
E.Elliott,438,0.7281367963171441,53,0.39286776989290156
C.Clement,58,0.7281161058565666,6,0.3753321700055024
M.Goodwin,63,0.7280740534502362,16,0.5258942005180177
D.Harris,153,0.7279796736692291,24,0.42888307142881005
D.London,21,0.7275573980240595,5,0.5105378400711786
D.Montgomery,240,0.7274611224730809,25,0.3767055441935857
A.Brown,197,0.727285484069495,50,0.5265216225294898
G.Olsen,65,0.7272681101010396,16,0.5188857360528065
M.Evans,214,0.7272308858755593,59,0.5484700487038799
C.Samuel,98,0.7271123242621519,21,0.48717339002356236
S.Michel,184,0.7270202492566212,20,0.3816754029172918
J.Wilkins,54,0.7270036949603645,7,0.40262593466926505
A.Mattison,107,0.7268290447297497,15,0.41335787115810074
L.Fournette,286,0.726441523307687,33,0.38894309207692845
D.Chark,30,0.7264400914311409,6,0.4735599085688591
C.Coleman,35,0.7262408333165306,6,0.44518773811204093
D.Knox,44,0.7260817228393122,11,0.5239182771606878
M.Gesicki,68,0.7260343064280117,13,0.4651421641602236
A.Jones,288,0.7253731986404293,37,0.4030990235817929
M.Thomas,146,0.725172625727033,42,0.5624986071496794
T.Rawls,37,0.7250735083141843,3,0.3560075727668968
J.Meyers,69,0.7250452950812768,18,0.5358242701361144
M.Gaskin,104,0.7249646272796851,13,0.4000353727203149
A.Abdullah,89,0.7247111941321512,11,0.3988843114858263
T.Hightower,27,0.7243892153104147,3,0.3867218958006965
D.Singletary,169,0.7239678932364876,24,0.41804394108303905
C.Sims,40,0.7237896293401718,10,0.5262103706598282
J.Crowder,122,0.7235211665268804,26,0.48959358757148025
A.Thielen,150,0.7234450074036917,42,0.5565549925963084
M.Hollins,28,0.7233992639396872,6,0.4908864503460271
T.West,65,0.7231519002180833,6,0.369155792089609
J.Guyton,20,0.72311986759305,5,0.52688013240695
B.Hill,48,0.7229131491233906,7,0.4229201842099428
B.Watson,26,0.7227518283403837,6,0.5080174024288471
Dam.Williams,29,0.7221762404359621,4,0.4157547940467966
K.Hunt,218,0.7221700078850493,30,0.4154446710140333
R.Kelley,62,0.7219621140149332,4,0.34255401501732485
M.Jones,170,0.7217181153814582,35,0.48416423755971827
M.Pittman,69,0.7215022384256556,19,0.5538600804149241
E.Penny,29,0.7214512989438814,3,0.3819969769181876
T.Heinicke,22,0.7212796414440329,2,0.36962944946505805
T.Yeldon,103,0.7209123665267981,13,0.4053012257062116
V.McDonald,37,0.7207645330880139,8,0.49545168312820226
O.Darkwa,42,0.7204432991288957,4,0.3747947961091995
C.Hubbard,70,0.7203702603067671,6,0.36534402540751865
K.Stills,63,0.7200653257351073,13,0.48628388061409905
D.Jackson,80,0.7199935089796782,16,0.48000649102032183
C.Sutton,86,0.7195567358718362,19,0.5013734966863034
C.Hogan,47,0.7193968781131379,11,0.5146456750783515
D. Thomas,20,0.7192928411066533,4,0.4807071588933468
D.Lewis,126,0.7191363141413719,15,0.39991130490624716
R.McCloud,27,0.7190663864215215,5,0.4661187987636637
Z.Moss,50,0.718771042227745,6,0.4012289577722549
L.Treadwell,37,0.7183475309127086,8,0.49786868530350764
N.Brown,28,0.7182076243417603,4,0.4246495185153825
J.Flacco,20,0.7181871190667153,0,0.28181288093328477
T.Etienne,45,0.7181086669365565,6,0.41522466639677685
C.Michael,46,0.7177921851044116,4,0.36916433663471887
Z.Zenner,42,0.7172594677124705,5,0.40178815133514856
S.Ware,80,0.7165227809920907,11,0.4209772190079093
L.Murray,265,0.7157669496986101,23,0.37102550313157856
K.Osborn,39,0.7155738660158255,9,0.5151953647534052
T.Coleman,165,0.7149550424380736,22,0.41837829089525974
D.Waller,84,0.7145118413581735,21,0.5354881586418265
J.Williams,265,0.7143849379049158,34,0.4139169488875371
L.McCoy,220,0.7142042317851023,26,0.4039775863967159
J.Smith-Schuster,124,0.7138793174057237,27,0.5038626180781473
G.Edwards,93,0.7135304609934489,9,0.3832437325549382
S.Sims,36,0.7132589966058731,6,0.4534076700607936
W.Fuller,70,0.7132327267101832,16,0.5153387018612453
W.Smallwood,56,0.7129910668092114,5,0.3762946474765028
H.Renfrow,72,0.7125684476147095,17,0.5235426634964016
M.Davis,163,0.7118507012084949,17,0.39244377731911245
L.Bell,238,0.7115726839093601,27,0.4018726942419004
C.Beasley,107,0.7110514029442707,24,0.5132476624762901
D.Arnold,23,0.7109382282132688,5,0.5064530761345573
A.Tate,26,0.7108178964027991,6,0.5199513343664316
M.Gordon,356,0.7102420353906208,43,0.41054448146331174
R.Gronkowski,77,0.7095654068829177,22,0.576148878831368
D.Moncrief,44,0.7091811421242628,8,0.47263703969391907
K.Britt,32,0.7091726828366518,8,0.5408273171633482
J.McKinnon,150,0.7088581972320874,19,0.4178084694345792
B.Scarbrough,21,0.7079758119015467,2,0.38726228333654855
D.Njoku,68,0.7077512451831032,16,0.5275428724639556
K.Gainwell,46,0.7076497236671655,5,0.40104592850674753
J.Matthews,43,0.7073823275954224,8,0.47866418403248456
T.Gurley,312,0.7072912917878383,37,0.4112984518019053
J.Hill,123,0.7072648564732171,13,0.39842620043735194
T.Burton,43,0.7069759860981343,9,0.5023263394832611
G.Tate,100,0.7067522439360618,18,0.47324775606393815
P.Lindsay,178,0.7064875046188912,16,0.38340013583054705
N.Fant,58,0.7063639225630924,14,0.5350153877817351
M.Breida,132,0.7061191885308786,17,0.4226686902570002
Dj.Moore,34,0.70593291827861,7,0.49994943466256647
G.Everett,90,0.7052714933951696,20,0.5169507288270526
D.Johnson,495,0.704644037918611,66,0.42868929541472234
C.Meredith,28,0.7039685313190732,8,0.5817457543952125
J.Taylor,191,0.703968234633276,21,0.40597940934578164
A.Robinson,127,0.7037770451288524,27,0.508821380067998
R.Jennings,49,0.7037419877490219,4,0.3778906653122026
R.Stevenson,99,0.7036124729748928,12,0.4175996482372284
J.Grant,43,0.7033991176028584,9,0.5059032079785369
C.Kirk,98,0.702985655744465,22,0.5215041401739023
A.Gibson,156,0.7028085018197695,14,0.3869350879238202
B.Cunningham,26,0.7025072826788976,3,0.4128773327057178
D.Mooney,59,0.7020674994436361,12,0.5013223310648385
S.Barkley,257,0.7014899823220323,29,0.41135048460403767
J.Graham,95,0.701457731817898,22,0.530121215550523
T.Lockett,138,0.701383145445067,36,0.5594864197723244
J.Brown,75,0.7011846780776978,17,0.5254819885889689
K.Pitts,28,0.7011532187461853,5,0.47741820982524324
P.Williams,22,0.7010898251425136,5,0.5261829021302137
N.Harris,133,0.7010267922528705,10,0.3741611776719416
A.Dillon,90,0.7008726471000247,9,0.39912735289997525
D.Duvernay,24,0.7007920797914267,4,0.46587458687524
J.Wilson,124,0.7006032252984662,17,0.4364935488950822
S.Watkins,80,0.7005432218313217,19,0.5369567781686783
D.Funchess,53,0.7005014467351841,12,0.5259136476044385
B.Robinson,38,0.7004523920385461,2,0.35217918690882233
J.Fields,44,0.7003773772581057,6,0.4359862591055306
R.Anderson,143,0.7002805925749399,31,0.516502624208277
M.Crabtree,61,0.6999063802058579,15,0.5459952591384043
T.Sharpe,37,0.6997352629094511,8,0.5164809533067651
C.Olave,33,0.6994774156447613,7,0.5126437964764509
K.Juszczyk,59,0.6988973761514082,14,0.5383907594418121
J.James,40,0.6985795922577381,8,0.5014204077422619
K.Ballage,51,0.69768060539283006,3,0.36114292401893466
W.Gallman Jr.,31,0.697163131929213,4,0.43186912613530315
T.Austin,63,0.6970401444132366,10,0.46169001431692214
D.Williams,104,0.6965384291341672,10,0.399615417019679
K.Cole,62,0.6965202744449338,12,0.4970281126518403
C.Hyde,246,0.6959722015431257,16,0.36906844886337836
D.Amendola,78,0.6958593894273807,17,0.5220893285213373
C.Edwards-Helaire,106,0.6954692458769061,11,0.40830433902875435
T.Gabriel,44,0.6952015930278734,11,0.5547984069721266
D.Pierce,61,0.6945901708524735,5,0.3873770422622806
B.Perriman,63,0.694567143444031,15,0.5435280946512071
S.Diggs,178,0.6943399223049035,37,0.5135252462344223
B.LaFell,42,0.6943074904737019,8,0.49616870000248864
J.Johnson,32,0.693897598888725,6,0.49360240111127496
C.Herndon,25,0.6935924553871154,5,0.5064075446128845
J.Doctson,34,0.6933022106395048,6,0.4831683775957893
A.Kamara,328,0.692737496707861,38,0.42311616182872436
T.McLaurin,92,0.6921312593571518,18,0.5035209145558917
T.Pryor,28,0.6918762384780816,5,0.486695190093347
D.Freeman,224,0.6912646901660732,25,0.4203424526910697
C.Rogers,45,0.6907371540864309,10,0.5314850681357913
A.Hooper,99,0.6905422568923295,21,0.5215789552288826
L.Miller,159,0.6904980954509111,13,0.39126291083839704
T.Kroft,30,0.6904929141203563,5,0.47617375254631045
B.Berrios,46,0.69024664681890735,10,0.5271446575289187
C.Ham,23,0.6895777401716813,3,0.44085704243701435
T.Pollard,139,0.6894854017727666,13,0.40403977808334846
E.Engram,82,0.6893783093589109,17,0.5179387638118209
D.Westbrook,55,0.6889323494651101,10,0.4928858323530717
C.McCaffrey,313,0.688378246614156,31,0.4106632869321698
F.Gore,251,0.6881462387235991,15,0.3716147174516997
T.Taylor,96,0.6880019935779274,13,0.44741467308873933
J.Smith,63,0.6879336256829519,13,0.5184155806662545
R.Cobb,101,0.6877938078181578,19,0.5003250040630303
M.Gallup,84,0.6875871881133034,19,0.5386032880771727
B.Scott,59,0.686738656233933,4,0.3810579539355585
E.McGuire,44,0.6850838874551383,5,0.42855247618122533
J.Robinson,129,0.6850717458152031,14,0.42345538596774257
E.Sanders,117,0.684783122733108,27,0.5459861080361228
D.Hopkins,183,0.6843777177600913,42,0.5451304789612202
L.Fitzgerald,128,0.6836150353774428,29,0.5429474646225572
D.Martin,89,0.6832376546069477,5,0.37294212067395116
K.Raymond,41,0.6821123376125242,8,0.5130096136069879
E.Ebron,93,0.6819944529123204,19,0.5223066223564968
T.Hilton,139,0.6812361965505339,30,0.5345911415789625
D.Metcalf,71,0.6812041338900445,12,0.4878099506169977
R.Woods,163,0.6806095323862473,34,0.5279794246689674
D.Thomas,62,0.6805899604674308,13,0.5290874588874078
J.Nelson,101,0.6800599108533104,15,0.4684549406318381
G.Bernard,145,0.6799106114897234,15,0.4235376643723455
C.Edmonds,129,0.6798903075761573,16,0.44414070017578067
P.Barber,161,0.6795512911695871,11,0.3887716901968725
M.Lee,32,0.6792821930721402,5,0.4769678069278598
D.Booker,163,0.6782191242177062,17,0.4260753543099011
J.Akins,44,0.6779744157736952,10,0.5492983114990321
R.Burkhead,137,0.677972277150537,13,0.4169182337983681
M.Brown,173,0.6763577620590353,23,0.4565902148195774
T.Hockenson,68,0.6760246815050349,14,0.5298576714361415
M.Forte,84,0.6758110846082369,2,0.34799843920128687
C.Thompson,95,0.6744040627228586,14,0.47296435832977296
D.Ogunbowale,49,0.674362066144846,5,0.42767875018168466
J.Doyle,83,0.6740318360817001,18,0.542835633797818
J.Palmer,41,0.6735106172358117,8,0.5216113339837004
J.McNichols,33,0.6733517371343843,3,0.41755735377470654
DK.Metcalf,21,0.6730038495290847,4,0.5174723409471058
A.Miller,47,0.6728512543313047,9,0.5186381073708229
J.McKissic,101,0.6723516286894826,11,0.4365592623996262
R.Gage,66,0.6719426307262797,13,0.5250270662434173
J.Rodgers,57,0.6717432384428225,5,0.4159760598027915
S.Ahmed,34,0.6716073216760859,2,0.3872162077356787
D.Adams,206,0.6713900106045806,44,0.542202222405128
C.Prosise,22,0.6711626811461016,3,0.46520095521753485
Z.Pascal,60,0.6707578596969446,12,0.5292421403030555
A.Cooper,154,0.6706141294403509,34,0.5501650913388698
T.Higbee,92,0.6704531224525493,19,0.5360686166778855
Ja.Williams,63,0.6699929085988847,4,0.39349915489317877
K.Johnson,92,0.6693789628536805,9,0.42844712410284125
T.Patrick,43,0.6689988062825314,8,0.5170477053453756
G.Wilson,38,0.6681992227309629,7,0.5160113035848266
E.Moore,25,0.6680798387527466,6,0.5719201612472534
T.Cohen,109,0.6670501348348933,13,0.4522159202109783
D.Schultz,71,0.6658897433482426,13,0.5172088482010533
C.Kmet,29,0.6648441285922609,6,0.542052423131877
D.Robinson,81,0.6648246853807827,14,0.5080148207920568
J.Samuels,55,0.664769169959155,5,0.4261399209499359
D.Byrd,38,0.6640367056978377,8,0.5464896100916361
Z.Miller,21,0.6628741394905817,3,0.4799830033665612
P.Campbell,39,0.6620345772841038,8,0.5430936278441013
R.Turbin,29,0.6605670364766285,0,0.3394329635233715
D.Hilliard,25,0.6601701235771179,2,0.41982987642288205
A.Erickson,36,0.6601544879376888,5,0.47873440095120007
P.Perkins,45,0.6601530743969811,2,0.38429137004746333
M.Lewis,31,0.6599130399765507,6,0.5336353471202235
C.Moore,36,0.6598704854647318,5,0.479018403424157
N.Vannett,29,0.6595282015101663,5,0.512885591593282
S.Perine,97,0.6588710018039978,4,0.382366111598064
D.Brown,23,0.6588098277216372,4,0.5151032157566237
D.Washington,111,0.6581290174980421,6,0.3959250365560119
C.West,32,0.6574214436113834,3,0.43632855638861656
Z.Ertz,144,0.6573892964257134,23,0.5023329257965088
N.Agholor,88,0.6570129485970194,16,0.5248052332211625
T.Riddick,76,0.6566944624248304,9,0.46172659020674856
R.Ellison,25,0.656401116847992,2,0.42359888315200805
J.Richard,106,0.6562103145527389,11,0.44756327035292137
R.Louis,24,0.6560682971030474,4,0.5105983695636193
L.Shenault,34,0.6559380064992344,5,0.4911208170301774
J.Reed,56,0.6556550330881562,9,0.5050592526261296
Ty.Williams,37,0.6556351921848349,9,0.5876080510584084
K.Rudolph,88,0.6551631076092069,17,0.5380187105726112
J.Edelman,99,0.652513782333846,19,0.5394054095853459
J.Kearse,48,0.6522214810053507,8,0.5144451856613159
J.Waddle,44,0.6521893953057852,7,0.5069015137851238
C.Johnson,29,0.6517363719899079,3,0.4517119038721611
J.Adams,39,0.6514514516561459,2,0.39983059962590534
Q.Enunwa,37,0.6505342625282906,6,0.5116278996338716
J.Wright,38,0.6503561037151437,6,0.5075386331269616
D.Swift,118,0.6497219790846614,11,0.44349835989838937
R.Armstead,20,0.6490685254335403,1,0.40093147456645967
Mi.Carter,78,0.6488101302813261,4,0.4024719210007252
D.Dallas,28,0.6470942039574895,3,0.4600486531853676
C.Uzomah,57,0.6460750667672408,7,0.47673195077661884
L.Kendricks,30,0.6459435721238455,4,0.4873897612094879
N.Boyle,20,0.6457132160663605,1,0.40428678393363954
J.Hardy,23,0.6455348056295643,4,0.5283782378486965
J.Jackson,79,0.6449616260920898,6,0.4309877409965177
A.Hurns,43,0.6442153914723285,9,0.5650869341090669
P.Garcon,40,0.6410582017153501,9,0.5839417982846499
J.Kelley,55,0.6410208940505981,1,0.37716092413122004
N.Hines,123,0.6407518956234785,16,0.48932940518952966
M.Sanu,82,0.6406986631634759,17,0.5666184100072559
B.Snell,55,0.6405533162030307,2,0.3958103201606057
B.Marshall,52,0.639427594267405,6,0.4759570211172104
J.Hollister,22,0.6383547281677072,3,0.4980089081959291
J.White,128,0.6381078369449824,15,0.4790796630550176
R.White,45,0.637826904323366,2,0.4066175401210785
A.Wilson,53,0.6374542437634378,8,0.5134891524629773
C.Godwin,105,0.6370234604392733,21,0.5629765395607267
B.Fowler,36,0.6369901407096121,3,0.44634319262372124
M.Tolbert,32,0.636746518779546,1,0.394503481220454
O.Zaccheaus,29,0.6365311233134106,4,0.5013999111693481
S.Smith,35,0.6363802662917546,6,0.5350483051368169
D.Baldwin,65,0.6357072183719048,11,0.5335235508588644
J.Landry,169,0.6355715680580872,29,0.5360260650780074
P.Richardson,39,0.6350156737443728,7,0.5444715057428067
D.Sproles,52,0.6341598518192768,3,0.4235324558730309
J.Kerley,31,0.6319015727889153,3,0.4648726207594718
H.Bryant,22,0.6312009197744456,3,0.5051627165891908
R.Seals-Jones,43,0.6311468426571336,6,0.5083880410637966
G.Allison,30,0.6287416656812032,5,0.5379250009854635
J.Hasty,34,0.6287260835661608,3,0.4595092105514863
R.Grant,23,0.6264465088429658,3,0.5039882737657299
J.Charles,22,0.6262472529302944,1,0.4192072925242511
A.Humphries,81,0.6258366153931912,12,0.5223115327549569
Z.Jones,88,0.6250069793313742,12,0.5113566570322622
M.Murphy,23,0.6247530398161515,2,0.46220348192297894
P.Freiermuth,28,0.6238620866622243,3,0.4832807704806328
C.Brate,80,0.6226020529866219,13,0.5398979470133781
H.Hurst,55,0.6217007593675093,8,0.5237537860870362
M.Floyd,24,0.6197672796746095,3,0.5052327203253905
P.Dorsett,50,0.6194708347320557,8,0.5405291652679444
D.Hamilton,34,0.618494756081525,5,0.5285640674478868
R.Griffin,65,0.6181619331240654,7,0.4895303745682423
Q.Watkins,26,0.617923800761883,3,0.4974608146227323
T.Eifert,33,0.6178448168617307,4,0.5033673043503906
T.Jones,44,0.6168001134964552,4,0.47410897741263563
L.Thomas,50,0.6163579893112182,5,0.48364201068878176
J.Forsett,22,0.6148166764866222,0,0.3851833235133778
V.Jefferson,32,0.6117408340796828,4,0.5132591659203172
B.Jarwin,20,0.6113021075725555,3,0.5386978924274445
A.Seferian-Jenkins,22,0.6112777319821444,1,0.434176813472401
R.Smith,27,0.6102488272719913,0,0.3897511727280087
G.Ward,33,0.6078400936993685,4,0.5133720275127527
S.Draughn,24,0.6058694782356421,1,0.43579718843102455
T.Sherfield,28,0.6054062763495105,5,0.5731651522219181
J.Witten,51,0.6046474540934843,9,0.5718231341418099
A.Ellington,29,0.6019060262318315,2,0.4670594910095478
C.Clay,56,0.5971805900335312,6,0.5099622671093259
Z.Knight,20,0.5949645608663559,1,0.4550354391336441
R.Rodgers,22,0.5944882793860002,2,0.4964208115230907
B.Coleman,20,0.5937250822782516,3,0.5562749177217483
T.Benjamin,37,0.5924340414034354,4,0.5156740667046728
A.Gates,40,0.5917261004447937,3,0.4832738995552063
I.Smith,81,0.5903768894481071,6,0.48369718462596706
J.O'Shaughnessy,32,0.5892820139415562,4,0.5357179860584438
A.Boldin,20,0.587536795437336,1,0.46246320456266404
S.Miller,30,0.5873643914858501,3,0.51263560851415
J.Thomas,25,0.5853766584396363,2,0.49462334156036375
I.McKenzie,45,0.5830741031302347,5,0.5280370079808765
J.Bellamy,24,0.5822331377615532,3,0.5427668622384468
M.Bryant,30,0.5799074545502663,4,0.553425878783067
D.Thompson,42,0.575411590791884,5,0.5436360282557351
I.Thomas,40,0.5715863570570946,4,0.5284136429429054
R.Moore,21,0.5711545915830702,2,0.524083503655025
D.Fells,22,0.557917441834103,3,0.5784461945295334
G.Swaim,30,0.5555693099896113,3,0.5444306900103887
C.Fiedorowicz,21,0.5354971218676794,2,0.5597409733704158
S.Vereen,31,0.5347466055423983,0,0.4652533944576017
K.Smith,26,0.533516166301874,1,0.5049453721596644
E.Rogers,26,0.5246673163313132,1,0.5137942221302253
R.James,26,0.503515726671769,1,0.5349458117897694
D.Smythe,20,0.49849841445684434,1,0.5515015855431556
